ano,vlr_inscrito_folha,vlr_anulado_folha,vlr_pago_folha,vlr_despesa_liquidada_pagar_folha
2011,1509083536.18,408638.53,1241408100.04,267266797.61
2009,1040481342.8,113357.94,1035153357.61,5214627.25
2014,1966463772.66,273657.57,1962330365.8,3859749.29
2025,4800671465.85,131011732.21,4172033500.95,497626232.69
2026,5777185039.96,233087334.89,4419389372.83,1124708332.24
2002,1454383463.53,3917821.48,775796972.35,674668669.7
2007,1764021563.2,261936.48,957475750.4,806283876.32
2010,1087972888.9,395961.23,949550697.28,138026230.39
2006,1649056569.68,27120.94,839187955.04,809841493.7
2004,1511662898.85,35165839.42,658580796.03,817916263.4
2003,1496607978.79,125224416.35,517064929.63,854318632.81
2008,1924181996.81,760700776.13,1116381187.69,47100032.99
2024,4597768468.92,245114576.37,3986030590.19,366623302.36
2012,1867550726.23,489502.41,1850494285.29,16566938.53
2015,1712570629.3,1086681.34,1701070442.85,10413505.11
2017,5051050102.3,32194099.95,4460716136,558139866.35
2019,8707485991.81,695708194.66,5245000766.17,2766777030.98
2021,5762451630.17,120305706.22,4453061564.14,1189084359.81
2016,3644930361.97,6815073.49,3569259557.91,68855730.57
2005,1491621386.61,5886236.01,673691725.36,812043425.24
2022,5403100913.64,125879599.67,4542773582.76,734447731.21
2023,4246812233.09,146073578.52,3603224022.79,497514631.78
2013,1614219597.53,186000,1611795262.65,2238334.88
2018,6983116736.12,57189094.91,5575558344.09,1350369297.12
2020,7987619762.02,56660422.36,6884102548.37,1046856791.29
