ano,vlr_inscrito_rpnp,vlr_cancelado_rpnp,vlr_restabelecido_rpnp,vlr_despesa_liquidada_rpnp,vlr_despesa_liquidada_pagar,vlr_saldo_rpp,vlr_saldo_rpnp,vlr_inscrito_rpp,vlr_cancelado_rpp,vlr_desconto_rpp,vlr_restabelecido_rpp,vlr_pago_rpp,vlr_anulacao_pagamento_rpp,vlr_retencao_rpp,vlr_anulacao_retencao_rpp,vlr_anulacao_pago_antecipado,vlr_pago_antecipado_exercicio,vlr_pago_rpnp,vlr_retencao_rpnp
2009,2692673500.14,255997276.21,12134047.92,1927150894.38,68698527.52,46690713.38,521659377.47,1844796553.71,1395334654.68,2794.62,3317929.16,402107372.05,76875.5,4055823.64,0,0,0,1735665504.27,7134076.51
2011,1401551665.01,189298853.46,901225.69,1173413202.11,186049916.17,68540730.48,39740835.13,312582899.56,19229108.04,1768.8,2400.33,221879045.75,8308.78,2942997.86,42.26,0,0,1030002967.51,1948506.03
2014,2132582174.25,486352186.8,5200559.31,1486011472.61,397212148.88,289029966.68,165419074.15,1578074394.58,106261729.11,1255.67,509250.92,1180976752.6,124554.88,2439040.49,544.17,0,34570510,1392867094.32,3578968.02
2025,6714381754.87,1067338813.14,3181297.46,3350312793.92,3606949308.34,3586068619.26,2299911445.27,5031994161.39,244101936.69,265005.94,0,1196359167.48,0,5258853.43,59421.41,0,18110,3234680489.99,49302196.03
2026,6751295092.92,545587882.45,1446399.54,3365936388.18,3079820467.65,3030219276.48,2841217221.83,4481712414.35,15750658.74,925884.42,0,1423350534.63,0,11466060.08,0,0,4906326.44,3213677358.35,52736277.49
2002,1307572089.64,599037753.13,4772156.8,521743069.25,625886189.25,495767784.11,191563424.06,777632931.38,17877549.48,15598.02,0,263971999.77,0,0,0,0,0,377453671.18,0
2007,1191109499.3,143411761.05,7164297.21,1033419181.87,1480361662.01,1345833239.67,21442853.59,1839399631.8,19015641.26,11678.33,5002337.12,463460363.73,27782.9,16108828.83,0,0,0,887725902.41,1906506.52
2010,2040254681.78,677923101.74,346718703.32,1646364943.74,60267805.56,59484736.03,62685339.62,569542373.18,49674597.15,1340.37,18225962.11,477678183.84,28696.01,958173.91,0,0,0,1620791442.06,1956644.84
2003,751551911.42,394556191.37,8893314.77,365490207.86,864818763.52,687066888.69,398826.96,1198955561.81,234003631.6,606894.75,129462.02,277407610.04,1.25,0,0,0,0,184484542.29,0
2004,606739909.29,107695440.51,10687305.77,430428937.21,802547219.27,787783604.84,79302837.34,1265306964.42,42529802.88,12659226.76,270521.44,422616289.77,3897.61,0,0,0,0,399225404.59,0
2006,1557369683.13,220728574.62,30951310.15,1185955510.45,1547939031.92,1436808375.79,181636908.21,1682763643.02,20703196.5,20493.85,6902.12,215165202.35,24721.41,10097998.06,0,0,0,1065998919.32,1853917.94
2008,1136308740.9,183006921.59,20869713.62,956822673.53,1287934982.57,1284307039.16,17348859.4,2464795116.44,30691165.86,3482.54,38468.96,1067441117.01,156742.1,82547522.93,0,0,0,937924550.46,2122060.99
2024,8909440765.94,2355542762.44,46577175.82,3870889111.64,4440866420.73,4403715238.43,2729586067.68,6789787842.52,311836705.61,175443.15,0,2064966589.24,3168,9097792.93,758.84,0,18626024.43,3467881190.85,45917861.8
2012,1619731800.69,338455875.06,592804.36,1231250613.51,128687412.11,117868360.96,50618116.48,671377697.28,50975479.27,1856.26,0,502223077.42,26570.95,335494.32,0,0,0,1169906559.72,17926003.42
2015,1645239559.38,153418227.32,369547.65,939006406.59,889364680.92,772078317.68,553184473.12,1771932529.56,101477697.9,16205.84,41723286.51,939749423.47,366968.32,701673.46,533.96,0,0,810589648.96,1604604.12
2017,5761612466.43,728281060.52,840288.2,3113539442.94,2663454408.45,1655568062.85,1920632251.17,3819267447.56,195848991.71,1176644.88,385669.18,1958811939.89,11041849.43,19289326.84,0,0,15035547.47,2094693553.03,3540549.29
2019,6968890718.29,884993772.45,10307373.87,3169720392.5,11099083578.31,9730433553.18,2924483927.21,12568453344.39,239884247.11,539416.63,66690.21,2562255818.35,922667.55,36338292.09,8625.21,0,2168075,1772562394.41,3439356.04
2021,8272662008.02,1327281203.25,49675.36,3230496979.86,31179130827.45,29925181046.45,3714933500.27,33063096073.45,861163870.54,779717.23,0,2256730066.04,1247776.09,20489149.28,0,0,0,1941296578.44,10288668.3
2005,1004413254.46,117192837.92,4232675.09,590188128.53,1154997827.18,1114286453.54,301264963.1,1498985613.08,19231234.16,1228965.32,207845,358215614.04,5161.39,6236730.41,0,0,0,449381163.37,1053961.14
2016,4878179919.56,795032997.78,128199487.05,3213620096.4,1748841154.86,1192047616.15,997726312.43,2511651576.85,124176061.35,57163.94,450041.41,1181878018.44,240487.13,14183245.51,0,0,0,2633917040.28,3321806.45
2022,10726145011.14,2202298671.57,432066.12,3323307086.63,6635356563.82,6590322285.82,5200971319.06,42740063303.68,34402998213.73,462376.42,2186370.01,1732348353.61,135712.69,16254156.8,0,0,3444489.9,3246565606.72,4499282.73
2023,10650993530.89,3727706281.53,432746.38,3612179530.74,5599105029.93,5570140777.58,3311540465,7960222150.71,469429215.17,428927.06,0,1902668851.54,242609.61,17802842.87,0,0,2300822.56,3517195363.82,8228844.93
2013,1575166547.46,245768672.43,4330579.6,1136219463.71,213278104.72,175320032.67,197508990.92,872816324.26,32520597.65,124054.14,102216.51,664778666.4,208054.38,383257.35,13.06,0,0,1081215041.63,5746752.39
2018,8182577002.44,1664540166.24,299210265.08,4453712515.96,4748948380.09,3012232853.56,2363534585.32,6214338396.58,305315591.63,969347.03,1163633.03,2875358513.94,166246.54,21795257.1,3287.11,0,29141.59,2677308235.14,4853794.12
2020,8079428146.45,681751662.5,5754162.14,3409742816.65,21541491156.74,19775392439.2,3993687829.44,23864129810.04,823907881.27,348446.67,266573.2,3235075589.06,989195.27,30661223.31,1,0,2568930.7,1617359811.88,3478834.05
